project,class,src,llm_directory
CoreNLP,edu.stanford.nlp.pipeline.WordsToSentencesAnnotator,src/edu/stanford/nlp/pipeline/WordsToSentencesAnnotator,CoreNLP/edu/stanford/nlp/pipeline/WordsToSentencesAnnotator
CoreNLP,edu.stanford.nlp.pipeline.ParserAnnotator,src/edu/stanford/nlp/pipeline/ParserAnnotator,CoreNLP/edu/stanford/nlp/pipeline/ParserAnnotator
CoreNLP,edu.stanford.nlp.process.PTBTokenizer,src/edu/stanford/nlp/process/PTBTokenizer,CoreNLP/edu/stanford/nlp/process/PTBTokenizer
CoreNLP,edu.stanford.nlp.pipeline.MorphaAnnotator,src/edu/stanford/nlp/pipeline/MorphaAnnotator,CoreNLP/edu/stanford/nlp/pipeline/MorphaAnnotator
CoreNLP,edu.stanford.nlp.pipeline.NERCombinerAnnotator,src/edu/stanford/nlp/pipeline/NERCombinerAnnotator,CoreNLP/edu/stanford/nlp/pipeline/NERCombinerAnnotator
CoreNLP,edu.stanford.nlp.pipeline.TokensRegexNERAnnotator,src/edu/stanford/nlp/pipeline/TokensRegexNERAnnotator,CoreNLP/edu/stanford/nlp/pipeline/TokensRegexNERAnnotator
CoreNLP,edu.stanford.nlp.pipeline.QuoteAnnotator,src/edu/stanford/nlp/pipeline/QuoteAnnotator,CoreNLP/edu/stanford/nlp/pipeline/QuoteAnnotator
CoreNLP,edu.stanford.nlp.pipeline.QuoteAttributionAnnotator,src/edu/stanford/nlp/pipeline/QuoteAttributionAnnotator,CoreNLP/edu/stanford/nlp/pipeline/QuoteAttributionAnnotator
CoreNLP,edu.stanford.nlp.pipeline.StanfordCoreNLP,src/edu/stanford/nlp/pipeline/StanfordCoreNLP,CoreNLP/edu/stanford/nlp/pipeline/StanfordCoreNLP
CoreNLP,edu.stanford.nlp.pipeline.EntityMentionsAnnotator,src/edu/stanford/nlp/pipeline/EntityMentionsAnnotator,CoreNLP/edu/stanford/nlp/pipeline/EntityMentionsAnnotator
CoreNLP,edu.stanford.nlp.pipeline.TokenizerAnnotator,src/edu/stanford/nlp/pipeline/TokenizerAnnotator,CoreNLP/edu/stanford/nlp/pipeline/TokenizerAnnotator
CoreNLP,edu.stanford.nlp.pipeline.POSTaggerAnnotator,src/edu/stanford/nlp/pipeline/POSTaggerAnnotator,CoreNLP/edu/stanford/nlp/pipeline/POSTaggerAnnotator
CoreNLP,edu.stanford.nlp.pipeline.CoreDocument,src/edu/stanford/nlp/pipeline/CoreDocument,CoreNLP/edu/stanford/nlp/pipeline/CoreDocument
CoreNLP,edu.stanford.nlp.pipeline.CoreSentence,src/edu/stanford/nlp/pipeline/CoreSentence,CoreNLP/edu/stanford/nlp/pipeline/CoreSentence
CoreNLP,edu.stanford.nlp.pipeline.SentimentAnnotator,src/edu/stanford/nlp/pipeline/SentimentAnnotator,CoreNLP/edu/stanford/nlp/pipeline/SentimentAnnotator
CoreNLP,edu.stanford.nlp.pipeline.KBPAnnotator,src/edu/stanford/nlp/pipeline/KBPAnnotator,CoreNLP/edu/stanford/nlp/pipeline/KBPAnnotator
CoreNLP,edu.stanford.nlp.pipeline.CorefAnnotator,src/edu/stanford/nlp/pipeline/CorefAnnotator,CoreNLP/edu/stanford/nlp/pipeline/CorefAnnotator
CoreNLP,edu.stanford.nlp.pipeline.CorefMentionAnnotator,src/edu/stanford/nlp/pipeline/CorefMentionAnnotator,CoreNLP/edu/stanford/nlp/pipeline/CorefMentionAnnotator
CoreNLP,edu.stanford.nlp.pipeline.WikidictAnnotator,src/edu/stanford/nlp/pipeline/WikidictAnnotator,CoreNLP/edu/stanford/nlp/pipeline/WikidictAnnotator
CoreNLP,edu.stanford.nlp.pipeline.GenderAnnotator,src/edu/stanford/nlp/pipeline/GenderAnnotator,CoreNLP/edu/stanford/nlp/pipeline/GenderAnnotator
CoreNLP,edu.stanford.nlp.pipeline.ArabicSegmenterAnnotator,src/edu/stanford/nlp/pipeline/ArabicSegmenterAnnotator,CoreNLP/edu/stanford/nlp/pipeline/ArabicSegmenterAnnotator
CoreNLP,edu.stanford.nlp.pipeline.ChineseSegmenterAnnotator,src/edu/stanford/nlp/pipeline/ChineseSegmenterAnnotator,CoreNLP/edu/stanford/nlp/pipeline/ChineseSegmenterAnnotator
CoreNLP,edu.stanford.nlp.pipeline.LabeledChunkIdentifier,src/edu/stanford/nlp/pipeline/LabeledChunkIdentifier,CoreNLP/edu/stanford/nlp/pipeline/LabeledChunkIdentifier
CoreNLP,edu.stanford.nlp.pipeline.JSONOutputter,src/edu/stanford/nlp/pipeline/JSONOutputter,CoreNLP/edu/stanford/nlp/pipeline/JSONOutputter
CoreNLP,edu.stanford.nlp.pipeline.ProtobufAnnotationSerializer,src/edu/stanford/nlp/pipeline/ProtobufAnnotationSerializer,CoreNLP/edu/stanford/nlp/pipeline/ProtobufAnnotationSerializer
CoreNLP,edu.stanford.nlp.process.Morphology,src/edu/stanford/nlp/process/Morphology,CoreNLP/edu/stanford/nlp/process/Morphology
CoreNLP,edu.stanford.nlp.process.Stemmer,src/edu/stanford/nlp/process/Stemmer,CoreNLP/edu/stanford/nlp/process/Stemmer
CoreNLP,edu.stanford.nlp.process.WordToSentenceProcessor,src/edu/stanford/nlp/process/WordToSentenceProcessor,CoreNLP/edu/stanford/nlp/process/WordToSentenceProcessor
CoreNLP,edu.stanford.nlp.parser.lexparser.EnglishTreebankParserParams,src/edu/stanford/nlp/parser/lexparser/EnglishTreebankParserParams,CoreNLP/edu/stanford/nlp/parser/EnglishTreebankParserParams
CoreNLP,edu.stanford.nlp.parser.lexparser.ChineseTreebankParserParams,src/edu/stanford/nlp/parser/lexparser/ChineseTreebankParserParams,CoreNLP/edu/stanford/nlp/parser/ChineseTreebankParserParams
CoreNLP,edu.stanford.nlp.parser.lexparser.LexicalizedParser,src/edu/stanford/nlp/parser/lexparser/LexicalizedParser,CoreNLP/edu/stanford/nlp/parser/LexicalizedParser
CoreNLP,edu.stanford.nlp.parser.lexparser.ExhaustivePCFGParser,src/edu/stanford/nlp/parser/lexparser/ExhaustivePCFGParser,CoreNLP/edu/stanford/nlp/parser/ExhaustivePCFGParser
CoreNLP,edu.stanford.nlp.parser.lexparser.SplittingGrammarExtractor,src/edu/stanford/nlp/parser/lexparser/SplittingGrammarExtractor,CoreNLP/edu/stanford/nlp/parser/SplittingGrammarExtractor
CoreNLP,edu.stanford.nlp.ling.CoreLabel,src/edu/stanford/nlp/ling/CoreLabel,CoreNLP/edu/stanford/nlp/ling/CoreLabel
CoreNLP,edu.stanford.nlp.coref.data.Mention,src/edu/stanford/nlp/coref/data/Mention,CoreNLP/edu/stanford/nlp/coref/Mention
CoreNLP,edu.stanford.nlp.dcoref.Mention,src/edu/stanford/nlp/dcoref/Mention,CoreNLP/edu/stanford/nlp/dcoref/Mention
CoreNLP,edu.stanford.nlp.ie.NERFeatureFactory,src/edu/stanford/nlp/ie/NERFeatureFactory,CoreNLP/edu/stanford/nlp/ie/NERFeatureFactory
CoreNLP,edu.stanford.nlp.sentiment.SentimentModel,src/edu/stanford/nlp/sentiment/SentimentModel,CoreNLP/edu/stanford/nlp/sentiment/SentimentModel
CoreNLP,edu.stanford.nlp.sentiment.SentimentPipeline,src/edu/stanford/nlp/sentiment/SentimentPipeline,CoreNLP/edu/stanford/nlp/sentiment/SentimentPipeline
Gate-Core,gate.corpora.SerialCorpusImpl,src/main/java/gate/corpora/SerialCorpusImpl
Gate-Core,gate.corpora.CorpusImpl,src/main/java/gate/corpora/CorpusImpl
Gate-Core,gate.corpora.DocumentImpl,src/main/java/gate/corpora/DocumentImpl
Gate-Core,gate.corpora.DocumentStaxUtils,src/main/java/gate/corpora/DocumentStaxUtils
Gate-Core,gate.annotation.AnnotationSetImpl,src/main/java/gate/annotation/AnnotationSetImpl
Gate-Core,gate.annotation.CorpusAnnotationDiff,src/main/java/gate/annotation/DocumentStaxUtils
Gate-Core,gate.annotation.AnnotationImpl,src/main/java/gate/annotation/AnnotationImpl
Gate-Core,gate.creole.CreoleRegisterImpl,src/main/java/gate/creole/CreoleRegisterImpl
Gate-Core,gate.creole.annic.lucene.QueryParser,src/main/java/gate/creole/annic/lucene/QueryParser
Mallet,cc.mallet.types.SparseVector
Mallet,cc.mallet.types.AugmentableFeatureVector
Mallet,cc.mallet.classify.NaiveBayes
Mallet,cc.mallet.classify.MaxEnt
Mallet,cc.mallet.classify.MaxEntOptimizableByLabelLikelihood
Mallet,cc.mallet.classify.MaxEntOptimizableByLabelDistribution
Mallet,cc.mallet.classify.NaiveBayesTrainer
Mallet,cc.mallet.cluster.KMeans
Mallet,cc.mallet.fst.HMM
Mallet,cc.mallet.fst.CRF
Mallet,cc.mallet.fst.SumLatticeBeam
Mallet,cc.mallet.topics.ParallelTopicModel
Mallet,cc.mallet.topics.LDAHyper
Mallet,cc.mallet.topics.TopicalNGrams
OpenNLP,opennlp.tools.postag.POSTaggerME
OpenNLP,opennlp.tools.postag.POSTaggerFactory
OpenNLP,opennlp.tools.ml.maxent.GISTrainer
OpenNLP,opennlp.tools.stemmer.snowball.greekStemmer
OpenNLP,opennlp.tools.stemmer.snowball.arabicStemmer
OpenNLP,opennlp.tools.stemmer.PorterStemmer
OpenNLP,opennlp.tools.stemmer.snowball.SnowballProgram
OpenNLP,opennlp.tools.stemmer.snowball.SnowballStemmer
OpenNLP,opennlp.tools.parser.Parse
OpenNLP,opennlp.tools.ngram.NGramModel
CogComp-NLP,org.cogcomp.md.MentionAnnotator
CogComp-NLP,edu.illinois.cs.cogcomp.comma.datastructures.Comma
CogComp-NLP,edu.illinois.cs.cogcomp.ner.ClassifiersAndUtils.MemoryEfficientNB
CogComp-NLP,edu.illinois.cs.cogcomp.ner.NERAnnotator
CogComp-NLP,org.cogcomp.re.RelationFeatureExtractor
CogComp-NLP,edu.illinois.cs.cogcomp.pos.MikheevLearner
CogComp-NLP,edu.illinois.cs.cogcomp.pos.POSBaselineLearner
CogComp-NLP,edu.illinois.cs.cogcomp.nlp.lemmatizer.Morpha
CogComp-NLP,edu.illinois.cs.cogcomp.nlp.tokenizer.TokenizerStateMachine
CogComp-NLP,org.cogcomp.md.BIOReader
CogComp-NLP,org.cogcomp.md.ExtendReader